-- DigiDocs Mgt 开发环境种子数据
-- 执行前提：已通过 Go 端自动迁移初始化 schema（001_initial_schema.sql）
-- 用法：psql -h localhost -p 15432 -U postgres -d digidocs_mgt -f backend-go/sql/seed.sql

BEGIN;

-- ========== 用户 ==========
-- 所有用户密码均为 admin123
INSERT INTO users (id, username, password_hash, display_name, role, email, phone, wechat, status)
VALUES
  ('00000000-0000-0000-0000-000000000001', 'admin',       '$2a$10$pdsqFlKnIy5xlyBaH4c/N.4nI.wOZ2G9pQFx9VlznVFFBnwbgW7iu', '系统管理员', 'admin',        NULL, NULL, NULL, 'active'),
  ('00000000-0000-0000-0000-000000000010', 'maliguo',     '$2a$10$pdsqFlKnIy5xlyBaH4c/N.4nI.wOZ2G9pQFx9VlznVFFBnwbgW7iu', '马立国',     'project_lead', NULL, NULL, NULL, 'active'),
  ('00000000-0000-0000-0000-000000000011', 'qiaoanqiang', '$2a$10$pdsqFlKnIy5xlyBaH4c/N.4nI.wOZ2G9pQFx9VlznVFFBnwbgW7iu', '乔安强',     'member',       NULL, NULL, NULL, 'active'),
  ('00000000-0000-0000-0000-000000000012', 'wangzhao',    '$2a$10$pdsqFlKnIy5xlyBaH4c/N.4nI.wOZ2G9pQFx9VlznVFFBnwbgW7iu', '王钊',       'member',       NULL, NULL, NULL, 'active'),
  ('00000000-0000-0000-0000-000000000013', 'liuzongyou',  '$2a$10$pdsqFlKnIy5xlyBaH4c/N.4nI.wOZ2G9pQFx9VlznVFFBnwbgW7iu', '刘宗优',     'member',       NULL, NULL, NULL, 'active')
ON CONFLICT (id) DO UPDATE
SET username = EXCLUDED.username,
    display_name = EXCLUDED.display_name,
    role = EXCLUDED.role,
    email = COALESCE(users.email, EXCLUDED.email),
    phone = COALESCE(users.phone, EXCLUDED.phone),
    wechat = COALESCE(users.wechat, EXCLUDED.wechat),
    status = EXCLUDED.status,
    updated_at = NOW();

-- ========== 团队空间 ==========
INSERT INTO team_spaces (id, name, code, description, created_by)
VALUES
  ('10000000-0000-0000-0000-000000000001', '随机控制实验室', 'lab-rc', '随机控制方向科研团队', '00000000-0000-0000-0000-000000000001'),
  ('10000000-0000-0000-0000-000000000002', '智能系统实验室', 'lab-is', '智能控制与系统方向科研团队', '00000000-0000-0000-0000-000000000001')
ON CONFLICT (name) DO NOTHING;

-- ========== 项目 ==========
INSERT INTO projects (id, team_space_id, name, code, owner_id)
VALUES
  ('20000000-0000-0000-0000-000000000001', '10000000-0000-0000-0000-000000000001', '课题A-随机优化', 'proj-a', '00000000-0000-0000-0000-000000000010'),
  ('20000000-0000-0000-0000-000000000002', '10000000-0000-0000-0000-000000000001', '课题B-鲁棒控制', 'proj-b', '00000000-0000-0000-0000-000000000010'),
  ('20000000-0000-0000-0000-000000000003', '10000000-0000-0000-0000-000000000002', '课题C-强化学习', 'proj-c', '00000000-0000-0000-0000-000000000011')
ON CONFLICT ON CONSTRAINT uq_projects_team_space_code DO NOTHING;

-- ========== 项目成员 ==========
INSERT INTO project_members (project_id, user_id, project_role)
VALUES
  ('20000000-0000-0000-0000-000000000001', '00000000-0000-0000-0000-000000000010', 'owner'),
  ('20000000-0000-0000-0000-000000000001', '00000000-0000-0000-0000-000000000011', 'contributor'),
  ('20000000-0000-0000-0000-000000000001', '00000000-0000-0000-0000-000000000012', 'contributor'),
  ('20000000-0000-0000-0000-000000000001', '00000000-0000-0000-0000-000000000013', 'contributor'),
  ('20000000-0000-0000-0000-000000000002', '00000000-0000-0000-0000-000000000010', 'owner'),
  ('20000000-0000-0000-0000-000000000002', '00000000-0000-0000-0000-000000000012', 'contributor'),
  ('20000000-0000-0000-0000-000000000003', '00000000-0000-0000-0000-000000000011', 'owner')
ON CONFLICT ON CONSTRAINT uq_project_members_project_user DO UPDATE
SET project_role = EXCLUDED.project_role,
    updated_at = NOW();

-- ========== 目录 ==========
INSERT INTO folders (id, project_id, parent_id, name, path)
VALUES
  ('30000000-0000-0000-0000-000000000001', '20000000-0000-0000-0000-000000000001', NULL, '申报材料', '/申报材料'),
  ('30000000-0000-0000-0000-000000000002', '20000000-0000-0000-0000-000000000001', NULL, '实验数据', '/实验数据'),
  ('30000000-0000-0000-0000-000000000003', '20000000-0000-0000-0000-000000000001', '30000000-0000-0000-0000-000000000001', '初审材料', '/申报材料/初审材料'),
  ('30000000-0000-0000-0000-000000000004', '20000000-0000-0000-0000-000000000002', NULL, '论文', '/论文'),
  ('30000000-0000-0000-0000-000000000005', '20000000-0000-0000-0000-000000000003', NULL, '模型文档', '/模型文档')
ON CONFLICT ON CONSTRAINT uq_folders_project_path DO NOTHING;

-- ========== 文档 ==========
INSERT INTO documents (id, team_space_id, project_id, folder_id, title, description, current_owner_id, current_status, is_archived, is_deleted, created_by, updated_at)
VALUES
  ('40000000-0000-0000-0000-000000000001', '10000000-0000-0000-0000-000000000001', '20000000-0000-0000-0000-000000000001', '30000000-0000-0000-0000-000000000001',
   '课题申报书', '课题A的国家自然科学基金申报书', '00000000-0000-0000-0000-000000000010', 'in_progress', false, false, '00000000-0000-0000-0000-000000000010', NOW()),
  ('40000000-0000-0000-0000-000000000002', '10000000-0000-0000-0000-000000000001', '20000000-0000-0000-0000-000000000001', '30000000-0000-0000-0000-000000000002',
   '实验记录-2025秋', '2025年秋季实验数据汇总', '00000000-0000-0000-0000-000000000011', 'in_progress', false, false, '00000000-0000-0000-0000-000000000011', NOW() - INTERVAL '45 days'),
  ('40000000-0000-0000-0000-000000000003', '10000000-0000-0000-0000-000000000001', '20000000-0000-0000-0000-000000000001', '30000000-0000-0000-0000-000000000001',
   '中期报告', '课题A中期检查报告', '00000000-0000-0000-0000-000000000010', 'draft', false, false, '00000000-0000-0000-0000-000000000010', NOW() - INTERVAL '60 days'),
  ('40000000-0000-0000-0000-000000000004', '10000000-0000-0000-0000-000000000001', '20000000-0000-0000-0000-000000000002', '30000000-0000-0000-0000-000000000004',
   '鲁棒控制综述论文', '鲁棒控制方法综述文献', '00000000-0000-0000-0000-000000000012', 'finalized', false, false, '00000000-0000-0000-0000-000000000012', NOW() - INTERVAL '10 days'),
  ('40000000-0000-0000-0000-000000000005', '10000000-0000-0000-0000-000000000001', '20000000-0000-0000-0000-000000000001', '30000000-0000-0000-0000-000000000001',
   '阶段汇报PPT', '2026年Q1阶段汇报材料', '00000000-0000-0000-0000-000000000013', 'pending_handover', false, false, '00000000-0000-0000-0000-000000000012', NOW() - INTERVAL '3 days'),
  ('40000000-0000-0000-0000-000000000006', '10000000-0000-0000-0000-000000000001', '20000000-0000-0000-0000-000000000002', '30000000-0000-0000-0000-000000000004',
   '会议论文终稿', '已发表的会议论文终稿', '00000000-0000-0000-0000-000000000010', 'archived', true, false, '00000000-0000-0000-0000-000000000010', NOW() - INTERVAL '90 days'),
  ('40000000-0000-0000-0000-000000000007', '10000000-0000-0000-0000-000000000002', '20000000-0000-0000-0000-000000000003', '30000000-0000-0000-0000-000000000005',
   'RL模型设计文档', '强化学习模型架构设计', '00000000-0000-0000-0000-000000000011', 'in_progress', false, false, '00000000-0000-0000-0000-000000000011', NOW() - INTERVAL '5 days')
ON CONFLICT DO NOTHING;

-- ========== 文档版本 ==========
INSERT INTO document_versions (id, document_id, version_no, file_name, file_size, storage_provider, storage_object_key, commit_message, extracted_text_status, summary_status, created_by, created_at)
VALUES
  ('50000000-0000-0000-0000-000000000001', '40000000-0000-0000-0000-000000000001', 1, '课题申报书_v1.docx', 102400,  'memory', 'documents/申报书/v1.docx', '初稿提交', 'pending', 'pending', '00000000-0000-0000-0000-000000000010', NOW() - INTERVAL '30 days'),
  ('50000000-0000-0000-0000-000000000002', '40000000-0000-0000-0000-000000000001', 2, '课题申报书_v2.docx', 153600,  'memory', 'documents/申报书/v2.docx', '补充研究目标', 'pending', 'pending', '00000000-0000-0000-0000-000000000010', NOW() - INTERVAL '15 days'),
  ('50000000-0000-0000-0000-000000000003', '40000000-0000-0000-0000-000000000001', 3, '课题申报书_v3.docx', 204800,  'memory', 'documents/申报书/v3.docx', '补充实验数据', 'pending', 'pending', '00000000-0000-0000-0000-000000000010', NOW() - INTERVAL '2 days'),
  ('50000000-0000-0000-0000-000000000004', '40000000-0000-0000-0000-000000000002', 1, '实验记录.xlsx',      512000,  'memory', 'documents/实验/record.xlsx', '初次上传', 'pending', 'pending', '00000000-0000-0000-0000-000000000011', NOW() - INTERVAL '45 days'),
  ('50000000-0000-0000-0000-000000000005', '40000000-0000-0000-0000-000000000003', 1, '中期报告_v1.docx',   81920,   'memory', 'documents/中期/v1.docx', '中期初稿', 'pending', 'pending', '00000000-0000-0000-0000-000000000010', NOW() - INTERVAL '60 days'),
  ('50000000-0000-0000-0000-000000000006', '40000000-0000-0000-0000-000000000004', 1, '综述论文_final.pdf', 1048576, 'memory', 'documents/论文/综述.pdf', '终稿', 'pending', 'pending', '00000000-0000-0000-0000-000000000012', NOW() - INTERVAL '20 days'),
  ('50000000-0000-0000-0000-000000000007', '40000000-0000-0000-0000-000000000005', 1, '阶段汇报.pptx',      2097152, 'memory', 'documents/汇报/ppt.pptx', '初稿', 'pending', 'pending', '00000000-0000-0000-0000-000000000012', NOW() - INTERVAL '10 days'),
  ('50000000-0000-0000-0000-000000000008', '40000000-0000-0000-0000-000000000005', 2, '阶段汇报_v2.pptx',   2201600, 'memory', 'documents/汇报/ppt_v2.pptx', '修订图表', 'pending', 'pending', '00000000-0000-0000-0000-000000000013', NOW() - INTERVAL '3 days')
ON CONFLICT DO NOTHING;

-- 关联文档的 current_version_id
UPDATE documents SET current_version_id = '50000000-0000-0000-0000-000000000003' WHERE id = '40000000-0000-0000-0000-000000000001';
UPDATE documents SET current_version_id = '50000000-0000-0000-0000-000000000004' WHERE id = '40000000-0000-0000-0000-000000000002';
UPDATE documents SET current_version_id = '50000000-0000-0000-0000-000000000005' WHERE id = '40000000-0000-0000-0000-000000000003';
UPDATE documents SET current_version_id = '50000000-0000-0000-0000-000000000006' WHERE id = '40000000-0000-0000-0000-000000000004';
UPDATE documents SET current_version_id = '50000000-0000-0000-0000-000000000008' WHERE id = '40000000-0000-0000-0000-000000000005';

-- ========== 流转记录 ==========
INSERT INTO flow_records (id, document_id, from_user_id, to_user_id, from_status, to_status, action, note, created_by, created_at)
VALUES
  ('60000000-0000-0000-0000-000000000001', '40000000-0000-0000-0000-000000000001', '00000000-0000-0000-0000-000000000010', '00000000-0000-0000-0000-000000000010', 'draft', 'in_progress', 'mark_in_progress', '开始处理申报书', '00000000-0000-0000-0000-000000000010', NOW() - INTERVAL '28 days'),
  ('60000000-0000-0000-0000-000000000002', '40000000-0000-0000-0000-000000000005', '00000000-0000-0000-0000-000000000012', '00000000-0000-0000-0000-000000000013', 'in_progress', 'pending_handover', 'transfer', '请继续处理第四章', '00000000-0000-0000-0000-000000000012', NOW() - INTERVAL '3 days'),
  ('60000000-0000-0000-0000-000000000003', '40000000-0000-0000-0000-000000000004', '00000000-0000-0000-0000-000000000012', '00000000-0000-0000-0000-000000000012', 'in_progress', 'finalized', 'finalize', '论文已发表，标记定稿', '00000000-0000-0000-0000-000000000012', NOW() - INTERVAL '10 days'),
  ('60000000-0000-0000-0000-000000000004', '40000000-0000-0000-0000-000000000006', '00000000-0000-0000-0000-000000000010', '00000000-0000-0000-0000-000000000010', 'finalized', 'archived', 'archive', '归档会议论文', '00000000-0000-0000-0000-000000000010', NOW() - INTERVAL '80 days')
ON CONFLICT DO NOTHING;

-- ========== 审计事件 ==========
INSERT INTO audit_events (id, document_id, version_id, user_id, action_type, terminal_info, created_at)
VALUES
  ('70000000-0000-0000-0000-000000000001', '40000000-0000-0000-0000-000000000001', '50000000-0000-0000-0000-000000000001', '00000000-0000-0000-0000-000000000010', 'upload', 'web', NOW() - INTERVAL '30 days'),
  ('70000000-0000-0000-0000-000000000002', '40000000-0000-0000-0000-000000000001', '50000000-0000-0000-0000-000000000002', '00000000-0000-0000-0000-000000000010', 'replace_version', 'web', NOW() - INTERVAL '15 days'),
  ('70000000-0000-0000-0000-000000000003', '40000000-0000-0000-0000-000000000001', '50000000-0000-0000-0000-000000000003', '00000000-0000-0000-0000-000000000010', 'replace_version', 'web', NOW() - INTERVAL '2 days'),
  ('70000000-0000-0000-0000-000000000004', '40000000-0000-0000-0000-000000000002', '50000000-0000-0000-0000-000000000004', '00000000-0000-0000-0000-000000000011', 'upload', 'web', NOW() - INTERVAL '45 days'),
  ('70000000-0000-0000-0000-000000000005', '40000000-0000-0000-0000-000000000005', NULL, '00000000-0000-0000-0000-000000000012', 'transfer', 'web', NOW() - INTERVAL '3 days'),
  ('70000000-0000-0000-0000-000000000006', '40000000-0000-0000-0000-000000000004', NULL, '00000000-0000-0000-0000-000000000012', 'finalize', 'web', NOW() - INTERVAL '10 days'),
  ('70000000-0000-0000-0000-000000000007', '40000000-0000-0000-0000-000000000006', NULL, '00000000-0000-0000-0000-000000000010', 'archive', 'web', NOW() - INTERVAL '80 days'),
  ('70000000-0000-0000-0000-000000000008', '40000000-0000-0000-0000-000000000001', NULL, '00000000-0000-0000-0000-000000000011', 'download', 'web', NOW() - INTERVAL '5 days'),
  ('70000000-0000-0000-0000-000000000009', '40000000-0000-0000-0000-000000000001', NULL, '00000000-0000-0000-0000-000000000012', 'download', 'web', NOW() - INTERVAL '4 days')
ON CONFLICT DO NOTHING;

COMMIT;
